Track name,,,
West Coast,,,
Dance Monkey,,,
No Fronts,,,
The Sound,,,
Can You English Please,,,
Takeover,,,
Byrd,,,
For My Squad,,,
Todema,,,
Tokyo Drift,,,
War Zone,,,
Warlord,,,
In Your Mind,,,
Life,,,
Split,,,
In My Head - Radio Edit,,,
Jackie Chan,,,
The Rush,,,
Drop You Like,,,
MATAFAKA,,,
Seen - Tenka & Skan Remix,,,
808 Controls Me,,,
Earthquake,,,
HiGHER,,,
Sound of da Police,,,
City Lights,,,
All Black,,,
Rockstar,,,
Who Would've Thought,,,
Piece of Me,,,
Limbo(Tomillo Remix),,,
Arena,,,
Buckwild (The FifthGuys & Coffeeshop Remix),,,
Warrior,,,
Emo Rhapsody,,,
Samurai,,,
Roadrunner,,,
Never Give up,,,
Sell Your Soul - EPO Remix,,,
Want It All,,,
Fall Hard,,,
Adeus,,,
Purgatory,,,
Pandora,,,
Renegades (W.A.V & NIN9 Remix),,,
Jesus Christ,,,
Black,,,
Heart Shaped Box,,,
Don't Look Back,,,
Myers,,,
Count It Up,,,
Riddin',,,
Falling Down,,,
Conquer,,,
Give It to Dem,,,
Fight Back (Blender Remix),,,
ANTHEM II,,,
Pull Up,,,
Lean,,,
WRCKD,,,
Remember My Name,,,
Switch It Up,,,
Hard Aggressive Choir Rap Beat - Joker,,,
Ransom,,,
Holding On,,,
Bang,,,
Abyss,,,
The Groove,,,
Bumpa,,,
Ain't Been Feeling Right,,,
La Drift,,,
Too Alive,,,
Prisoner,,,
Run - Drama B Remix,,,
Renegades,,,
Black & White,,,
Confession,,,
Dark Mode,,,
Me,,,
4U - Julius Dreisig Remix,,,
Beast Mode,,,
2 Dubs,,,
Represent,,,
Like A Boss,,,
There He Goes,,,
Pérsēs,,,
Pressure,,,
Explode,,,
Fuel,,,
Never Enough,,,
Revolution,,,
Hard Rock Hallelujah,,,
Amazing Grace,,,
Run It,,,
Namen,,,
Boulevard of Broken Dreams,,,
Falling,,,
Hells Bells,,,
Dance Monkey,,,
Every Battle,,,
Highway to Hell,,,
Vision,,,
The Crown,,,
Ghost,,,
Zoe,,,
Work It Out,,,
Bionic Muscle,,,
Wins & Losses,,,
Soldiers,,,
You Can't Stop Me,,,
Got It On Me,,,
Fight Back,,,
Still Ballin (feat. Wiz Khalifa),,,
Stupid Again,,,
Highest in the Room,,,
Kobe Bryant,,,
VSOP,,,
Thirty Below,,,
Ball,,,
Oxygen,,,
Killer,,,
WASTED,,,
Renegades (The FifthGuys & Coffeeshop Remix),,,
Last Man Standing,,,
What More,,,
All Night,,,
Ballin,,,
Warriors,,,
Burst,,,
Can't Give It Up,,,
Don't Play,,,
The Time Is Now,,,
Overload,,,
Get Rid of Me,,,
Enslaved,,,
Hikari,,,
Downfall,,,
AS LONG AS I GOT,,,
Money,,,
Fallen Soul,,,
Nightmare,,,
Hertz,,,
Yoshimitsu,,,
Same,,,
No Mercy,,,
Darkness,,,
AWAY,,,
Afraid,,,
Delta,,,
Gunshot,,,
Jocelyn Flores,,,
when the party's over,,,
Happier,,,
Be Alright,,,
Someone Like You,,,
idfc,,,
1-800-273-8255,,,
before you change the world,,,
Get You The Moon (feat. Snøw),,,
Someone You Loved,,,
Half A Man,,,
Everybody Dies In Their Nightmares,,,
changes,,,
i hate u,,,
Bruises,,,
Black Hole,,,
Sparrow,,,
Say Something,,,
Fix You,,,
Not About Angels,,,
Let You Down,,,
Say You Won't Let Go,,,
Moonlight,,,
Breakeven,,,
Here Without You,,,
Lovefool,,,
Wellerman - Sea Shanty / 220 KID x Billen Ted Remix,,,
Head Shoulders Knees & Toes (feat. Norma Jean Martine),,,
Close Your Eyes,,,
Some Say,,,
DANCE,,,
Fingertips,,,
All Star,,,
Dive,,,
Lil Bit,,,
Head & Heart (feat. MNEK),,,
Outside,,,
Forever Young,,,
Be Okay (with HRVY),,,
Body Back (feat. Maia Wright),,,
On Me (feat. Ava Max),,,
Happy Kids,,,
This Feeling (feat. Kelsea Ballerini),,,
Beautiful People (feat. Khalid),,,
The Best Days (feat. Tabitha),,,
Dance with Me (feat. Thomas Rhett & Young Thug),,,
Mr Red White and Blue,,,
My Head & My Heart,,,
Der letzte Tanz,,,
All We Got (feat. KIDDO),,,
No Therapy,,,
Alien,,,
Afterglow,,,
Paradise (feat. Dermot Kennedy),,,
Hypnotized,,,
Let's Love,,,
The One,,,
Hollywood,,,
Girls Like Us,,,
you broke me first,,,
Control,,,
Falling,,,
Boulevard of Broken Dreams,,,
Whole Lotta Love - 1990 Remaster,,,
All Along the Watchtower,,,
Back In Black,,,
Paint It,,,
Rebel Rebel - 1999 Remaster,,,
Come Together - Remastered 2009,,,
Baba O'Riley,,,
Another One Bites The Dust - Remastered 2011,,,
La Grange - 2005 Remaster,,,
Paradise City,,,
Sunshine Of Your Love,,,
Sweet Home Alabama,,,
Fortunate Son,,,
Me and Bobby McGee,,,
For What It's Worth,,,
Dream On,,,
Smoke on the Water,,,
Jump - 2015 Remaster,,,
Born in the U.S.A.,,,
In the End,,,
Numb,,,
Snow (Hey Oh),,,
What I've Done,,,
How You Remind Me,,,
Boulevard of Broken Dreams,,,
River Flows In You,,,
Knockin' On Heaven's Door,,,
7 Years,,,
A Hundred Years,,,
"Hallelujah - From ""Sing"" Original Motion Picture Soundtrack",,,
Last Resort,,,
Bring Me To Life,,,
Bleeding,,,
Forever,,,
Control,,,
Numb,,,
Fearless Pt. II,,,
Flow,,,
Astronomia,,,
Somebody Else - TWINSICK Remix,,,
Nightmare,,,
Legacy,,,
Virtue,,,
Apex,,,
Ragnar Lothbrok (Path to Valhalla),,,
Close To Hell,,,
Invisible,,,
Superhero,,,
WET,,,
Toss a Coin To Your Witcher,,,
Astronaut In The Ocean,,,
One Man Army,,,
Show You,,,
Zombie,,,
Moonlight,,,
Requiem for a Dream,,,
Top Of The World,,,
Action,,,
Devil,,,
We Don't Care,,,
Insanity,,,
Insidious,,,
Flashback,,,
The Kid I Used to Know - WiDE AWAKE Remix,,,
Toss a Coin to Your Witcher,,,
Can't Stop,,,
Adrenaline,,,
Take Loss,,,
Champion,,,
Runaway - Heuse Remix,,,
Bring the Thunder,,,
Rise Up,,,
Lone Wolf,,,
No Escape,,,
Anymore,,,
Hollywood's Bleeding,,,
War Game,,,
Little Poor Me - Vosai Remix,,,
So High,,,
Fade Away,,,
Sweet Dreams (9Lives Remix),,,
Black Warrior,,,
Phoenix,,,
All The Right Moves,,,
Lion,,,
Louder,,,
Into the Clouds,,,
No Glory (feat. M.I.M.E & Drama B),,,
Grime,,,
I'm A Monster,,,
Follow Me,,,
Easy,,,
Follow,,,
Game of Thrones,,,
Ymir,,,
Goodbye,,,
Legends,,,
No Glory (Cliché & Tenka Remix),,,
Ready To Die,,,
Redemption,,,
Victory,,,
Speed Racer,,,
Stress of Success,,,
Like We Used To,,,
Sail Away,,,
Crank It!,,,
Eternal,,,
Ego,,,
Osiris,,,
Legends,,,
Overdrive,,,
Warriors,,,
ITSALL4U,,,
Down,,,
The Kid,,,
Insane,,,
Me,,,
Kill My Vibe,,,
Bridge,,,
Hold You Down,,,
Shadows,,,
Remember My Name,,,
No Going Back,,,
Du Du Dum,,,
All In My Head,,,
Explode,,,
Black & White,,,
Area 51,,,
Legends,,,
Loveblind,,,
Hero,,,
Falling In Reverse,,,
Changed the Way You Kissed Me,,,
Zero G,,,
Prisoner,,,
Downfall,,,
Friends Don't Lie,,,
Anubis,,,
Say My Name,,,
Feel the Same,,,
Rolling,,,
HUMANS - Far Out Remix,,,
HiGHER,,,
Fake,,,
In the End (Demo) - LPU Rarities,,,
Invincible,,,
Lost In Sound,,,
Red Flag,,,
Schrei nach Liebe,,,
Tanzt du noch einmal mit mir?,,,
Hier kommt Alex,,,
Komplett im Arsch,,,
Fallen Leaves,,,
Tanzt du noch einmal mit mir?,,,
Can You Feel My Heart,,,
Open Your Eyes,,,
Stay,,,
Cheerleader (Felix Jaehn Remix) - Radio Edit,,,
Que Sera,,,
Rolex,,,
Swalla (feat. Nicki Minaj & Ty Dolla $ign),,,
Despacito - Remix,,,
Mambo No. 5 (A Little Bit of...),,,
Back Up (feat. Big Sean),,,
,,,
,,,
