"First Name","Last Name"
"James","Ferguson"
"Tony","Thomas"
"Sienna","Stewart"
"Carlos","Barrett"
"Lucas","Tucker"
"Andrew","Henderson"
"Sophia","Taylor"
"Aiden","Walker"
"Daniel","Andrews"
"Vincent","Hill"
"Madaline","Howard"
"Julia","Stevens"
"Preston","Adams"
"Kelvin","Casey"
"Lucas","Nelson"
"Owen","Andrews"
"Tess","Miller"
"Patrick","Brown"
"Camila","Thompson"
"Abraham","Gibson"
"Richard","Gray"
"Steven","Robinson"
"Kirsten","Russell"
"Lucy","Cameron"
"Alan","Mason"
"Fiona","Henderson"
"Oliver","Adams"
"Justin","Owens"
"Honey","Wright"
"Rebecca","Douglas"
"Carina","Davis"
"Melanie","Harris"
"Tara","Carter"
"Daniel","Gibson"
"Daryl","Crawford"
"Paige","Taylor"
"Chloe","Myers"
"Eleanor","Parker"
"Nicholas","Cole"
"Lyndon","Davis"
"Sabrina","Bailey"
"Audrey","Riley"
"Catherine","Hill"
"Adison","Perkins"
"Julia","Cooper"
"Luke","Casey"
"Adrianna","Mason"
"Elise","Mitchell"
"Michelle","Hamilton"
"Evelyn","Casey"
"Alford","Montgomery"
"Agata","Alexander"
"Alisa","Alexander"
"Elise","Turner"
"Natalie","Perry"
"Lucas","Phillips"
"Mary","Ellis"
"Abraham","Harrison"
"Robert","Foster"
"Rafael","Myers"
"Alan","Gray"
"Albert","Armstrong"
"Amelia","Craig"
"Amelia","Richardson"
"Darcy","Cole"
"Catherine","Owens"
"Adelaide","Andrews"
"Adison","Stevens"
"George","Robinson"
"Melissa","Barnes"
"Michael","Spencer"
"Isabella","Cole"
"William","Howard"
"Frederick","Evans"
"Brianna","Kelly"
"Daryl","Hill"
"Ned","Williams"
"Adrian","Andrews"
"Briony","Robinson"
"Ryan","Cunningham"
"Kimberly","Watson"
"Brad","Anderson"
"Amanda","Williams"
"April","Grant"
"Aldus","Russell"
"Ryan","Casey"
"Andrew","Rogers"
"Samantha","Johnston"
"Deanna","Warren"
"Lucas","Andrews"
"Charlie","Harrison"
"Jessica","Carroll"
"Aldus","Casey"
"Olivia","Fowler"
"Amelia","Campbell"
"Lucas","Allen"
"Sienna","Stevens"
"Briony","Kelley"
"Albert","Phillips"
"Aston","Miller"
"Mary","Howard"
"Owen","Kelly"
"Richard","Allen"
"Edith","Perry"
"Max","Anderson"
"Marcus","Morris"
"Alberta","Cunningham"
"Miller","Dixon"
"Rebecca","Cameron"
"Edgar","Roberts"
"Antony","Stevens"
"Harold","Rogers"
"Melanie","Spencer"
"Edgar","Mason"
"Roland","Ross"
"Luke","Campbell"
"Alina","Payne"
"Alberta","Owens"
"James","Crawford"
"Oscar","Rogers"
"Reid","Brooks"
"Adrian","Fowler"
"Amy","Adams"
"Hailey","West"
"Edith","Johnson"
"Ellia","Harris"
"William","Roberts"
"Darcy","West"
"Lydia","Ryan"
"Honey","Martin"
"Kelvin","Fowler"
"Arthur","Nelson"
"Natalie","Gibson"
"Cadie","Dixon"
"Ryan","Russell"
"Blake","Crawford"
"Elise","Higgins"
"Alan","Anderson"
"Charlie","Fowler"
"Thomas","Kelly"
"Miley","Scott"
"Hailey","Baker"
"Amelia","Barrett"
"Fenton","Allen"
"Dexter","Perry"
"Robert","Dixon"
"Richard","Hall"
"Edwin","Spencer"
"Frederick","Chapman"
"Agata","Cameron"
"Chester","Cooper"
"Kate","Riley"
"Nicholas","Clark"
"Violet","Barrett"
"Joyce","Barnes"
"George","Payne"
"Kimberly","Foster"
"Briony","Sullivan"
"Camila","Richards"
"Sydney","Wells"
"Sydney","Jones"
"Jenna","Nelson"
"Dainton","Armstrong"
"Jasmine","Thomas"
"Haris","Grant"
"Max","Alexander"
"Lily","Lloyd"
"Arthur","Martin"
"Alexia","Cole"
"Lilianna","Taylor"
"Chloe","Morrison"
"Roland","Reed"
"Ashton","Elliott"
"Arthur","Andrews"
"Jenna","Cole"
"Rubie","Montgomery"
"Alfred","Evans"
"Tyler","Lloyd"
"Leonardo","Brown"
"Justin","Wright"
"Amanda","Johnston"
"Aiden","Barrett"
"Rosie","Clark"
"Dexter","Brooks"
"Julia","Henderson"
"Stuart","Moore"
"Byron","Kelley"
"Steven","Barnes"
"Abigail","Cooper"
"Miller","Higgins"
"Frederick","Ryan"
"Max","Owens"
"Dexter","Miller"
"Julia","Murray"
"Lilianna","Roberts"
"Rafael","Harris"
"Elian","Murray"
"Adison","Barnes"
"Maddie","Higgins"
"Adrianna","Hunt"
